sample_id,split,source_record_id,source_paper,journal,year,article_url,doi,figure_number,source_image_filename,cc_by_4_0_status
FIG-003,train,GSD_0034,Topographic Base Maps from Remote Sensing Data for Engineering Geomorphological Modelling: An Application on Coastal Mediterranean Landscape,Geosciences,2019,https://www.mdpi.com/2076-3263/9/12/500,10.3390/geosciences9120500,Figure 2,GSD_0034__GSD_0034__MDPI__G1141__geosciences-09-00500-g002__fig_002.png,verified
FIG-012,train,GSD_0083,Structural barriers control the spatial extent of slow earthquake slip,Nature Communications,2026,https://www.nature.com/articles/s41467-025-68179-1,10.1038/s41467-025-68179-1,Fig. 5,GSD_0083__GSD_0083__NATURE_COMMUNICATIONS__N0139__s41467-025-68179-1__Fig5.png,verified
FIG-014,train,GSD_0041,"The Rio Grande Rise: Current Knowledge and Future Frontiers for Deep-Sea Science, Mineral Resources and Governance",Minerals,2026,https://www.mdpi.com/2075-163X/16/4/418,10.3390/min16040418,Figure 4,GSD_0041__GSD_0041__MDPI__G0191__minerals-16-00418-g004__fig_004.png,verified
FIG-017,train,GSD_0011,"An Integrated Approach for Constraining Depositional Zones in a Tide-Influenced River: Insights from the Gorai River, Southwest Bangladesh",Water,2019,https://www.mdpi.com/2073-4441/11/10/2047,10.3390/w11102047,Figure 10,GSD_0011__GSD_0011__MDPI__G0620__water-11-02047-g010__fig_010.png,verified
FIG-037,test,NATURE_NC_0026,Mantle exhumation at magma-poor rifted margins controlled by frictional shear zones,Nature Communications,2022,https://www.nature.com/articles/s41467-022-29058-1,10.1038/s41467-022-29058-1,Fig. 8,NATURE_NC_0026__0155__N1192__s41467-022-29058-1__Fig8.png,verified
FIG-041,test,GSD_0005,"A Comprehensive Review of Polygenetic Signatures, Methodological Advances, and Implications for Coastal Boulder Deposits (CBDs) Assessment",GeoHazards,2025,https://www.mdpi.com/2624-795X/6/4/69,10.3390/geohazards6040069,Figure 2,GSD_0005__GSD_0005__MDPI__G0360__geohazards-06-00069-g002__fig_002.png,verified
FIG-044,test,NATURE_NC_0012,Assessing Variations in River Networks Under Urbanization Across Metropolitan Plains Using a Multi-Metric Approach,Land,2025,https://www.mdpi.com/2073-445X/14/10/1994,10.3390/land14101994,Figure 7,NATURE_NC_0012__MDPI__G0016__land-14-01994-g007__fig_007.png,verified
FIG-045,train,ELSEVIER_GEOM_0001,Recharge landforms in a semi-confined karst aquifer revealed by geophysical and high-resolution UAV-based LiDAR surveys,Geomorphology,2026,https://www.sciencedirect.com/science/article/pii/S0169555X26002965,10.1016/j.geomorph.2026.110453,Fig. 10,1-s2.0-S0169555X26002965-gr10_lrg.jpg,verified
FIG-046,test,NATURE_NC_0025,India-Asia collision as a driver of atmospheric CO 2 in the Cenozoic,Nature Communications,2021,https://www.nature.com/articles/s41467-021-23772-y,10.1038/s41467-021-23772-y,Fig. 8,NATURE_NC_0025__0148__N1477__s41467-021-23772-y__Fig8.png,verified
FIG-047,test,GSD_0061,Climate-controlled submarine landslides on the Antarctic continental margin,Nature Communications,2023,https://www.nature.com/articles/s41467-023-38240-y,10.1038/s41467-023-38240-y,Fig. 10,GSD_0061__GSD_0061__NATURE_COMMUNICATIONS__N0500__s41467-023-38240-y__Fig10.png,verified
FIG-048,test,NATURE_NC_0007,Thinning Antarctic glaciers expose high-altitude nunataks delivering more bioavailable iron to the Southern Ocean,Nature Communications,2025,https://www.nature.com/articles/s41467-025-65714-y,10.1038/s41467-025-65714-y,Fig. 3,NATURE_NC_0007__0035__N4376__s41467-025-65714-y__Fig3.png,verified
FIG-053,train,GSD_0088,The fragmentation-induced fluidisation of pyroclastic density currents,Nature Communications,2023,https://www.nature.com/articles/s41467-023-37867-1,10.1038/s41467-023-37867-1,Fig. 5,GSD_0088__GSD_0088__NATURE_COMMUNICATIONS__N0521__s41467-023-37867-1__Fig5.png,verified
FIG-058,train,GSD_0020,Integrated Field Surveying and Land Surface Quantitative Analysis to Assess Landslide Proneness in the Conero Promontory Rocky Coast (Italy),Land,2020,https://www.mdpi.com/2076-3417/10/14/4793,10.3390/app10144793,Figure 9,GSD_0020__GSD_0020__MDPI__G1040__applsci-10-04793-g009__fig_009.png,verified
FIG-059,test,GSD_0078,Rift linkage and inheritance determine collisional mountain belt evolution,Nature Communications,2025,https://www.nature.com/articles/s41467-025-66695-8,10.1038/s41467-025-66695-8,Fig. 2,GSD_0078__GSD_0078__NATURE_COMMUNICATIONS__N0151__s41467-025-66695-8__Fig2.png,verified
FIG-060,test,GSD_0080,Rift linkage and inheritance determine collisional mountain belt evolution,Nature Communications,2025,https://www.nature.com/articles/s41467-025-66695-8,10.1038/s41467-025-66695-8,Fig. 4,GSD_0080__GSD_0080__NATURE_COMMUNICATIONS__N0153__s41467-025-66695-8__Fig4.png,verified
FIG-064,test,GSD_0071,Rift linkage and inheritance determine collisional mountain belt evolution,Nature Communications,2025,https://www.nature.com/articles/s41467-025-66695-8,10.1038/s41467-025-66695-8,Fig. 8,GSD_0071__GSD_0071__NATURE_COMMUNICATIONS__N0157__s41467-025-66695-8__Fig8.png,verified
FIG-071,test,GSD_0068,Sulfur-enriched sub-arc fluids drive deep sulfur cycling in subduction zones,Nature Communications,2026,https://www.nature.com/articles/s41467-026-71439-3,10.1038/s41467-026-71439-3,Fig. 4,GSD_0068__GSD_0068__NATURE_COMMUNICATIONS__N0077__s41467-026-71439-3__Fig4.png,verified
FIG-074,test,GSD_0070,Rift linkage and inheritance determine collisional mountain belt evolution,Nature Communications,2025,https://www.nature.com/articles/s41467-025-66695-8,10.1038/s41467-025-66695-8,Fig. 5,GSD_0070__GSD_0070__NATURE_COMMUNICATIONS__N0154__s41467-025-66695-8__Fig5.png,verified
FIG-078,test,NATURE_NC_0023,Caribbean plate tilted and actively dragged eastwards by low-viscosity asthenospheric flow,Nature Communications,2021,https://www.nature.com/articles/s41467-021-21723-1,10.1038/s41467-021-21723-1,Fig. 5,NATURE_NC_0023__0116__N1613__s41467-021-21723-1__Fig5.png,verified
FIG-079,test,GSD_0010,"Influence of Historical Land-Use Change on Contemporary Channel Processes, Form, and Restoration",Geosciences,2021,https://www.mdpi.com/2076-3263/11/10/423,10.3390/geosciences11100423,Figure 7,GSD_0010__GSD_0010__MDPI__G0700__geosciences-11-00423-g007__fig_007.png,verified
FIG-083,train,GSD_0021,Landslide Distribution and Development Characteristics in the Beiluo River Basin,Land,2024,https://www.mdpi.com/2073-445X/13/7/1038,10.3390/land13071038,Figure 8,GSD_0021__GSD_0021__MDPI__G1061__land-13-01038-g008__fig_008.png,verified
FIG-085,test,GSD_0009,Combining Satellite Multispectral Imagery and Topographic Data for the Detection and Mapping of Fluvial Avulsion Processes in Lowland Areas,Remote Sensing,2020,https://www.mdpi.com/2072-4292/12/14/2243,10.3390/rs12142243,Figure 2,GSD_0009__GSD_0009__MDPI__G0658__remotesensing-12-02243-g002__fig_002.png,verified
FIG-089,test,GSD_0081,Rift linkage and inheritance determine collisional mountain belt evolution,Nature Communications,2025,https://www.nature.com/articles/s41467-025-66695-8,10.1038/s41467-025-66695-8,Fig. 6,GSD_0081__GSD_0081__NATURE_COMMUNICATIONS__N0155__s41467-025-66695-8__Fig6.png,verified
FIG-094,test,GSD_0079,Rift linkage and inheritance determine collisional mountain belt evolution,Nature Communications,2025,https://www.nature.com/articles/s41467-025-66695-8,10.1038/s41467-025-66695-8,Fig. 3,GSD_0079__GSD_0079__NATURE_COMMUNICATIONS__N0152__s41467-025-66695-8__Fig3.png,verified
FIG-101,test,NATURE_NC_0032,The causes of spatiotemporal variations in erupted fluxes and compositions along a volcanic arc,Nature Communications,2019,https://www.nature.com/articles/s41467-019-09113-0,10.1038/s41467-019-09113-0,Fig. 3,NATURE_NC_0032__0201__N2246__s41467-019-09113-0__Fig3.png,verified
FIG-103,train,GSD_0084,Tectonic and climatic implications of the Aleutian Arc initiation ≥56 million years ago,Nature Communications,2026,https://www.nature.com/articles/s41467-026-73363-y,10.1038/s41467-026-73363-y,Fig. 4,GSD_0084__GSD_0084__NATURE_COMMUNICATIONS__N0021__s41467-026-73363-y__Fig4.png,verified
FIG-109,train,NATURE_NC_0011,An ancient river landscape preserved beneath the East Antarctic Ice Sheet,Nature Communications,2023,https://www.nature.com/articles/s41467-023-42152-2,10.1038/s41467-023-42152-2,Fig. 6,NATURE_NC_0011__0050__N0622__s41467-023-42152-2__Fig6.png,verified
FIG-112,train,GSD_0033,Modified SWAT Model for Agricultural Watershed in Karst Area of Southwest China,Water,2025,https://www.mdpi.com/2077-0472/15/2/192,10.3390/agriculture15020192,Figure 6,GSD_0033__GSD_0033__MDPI__G1242__agriculture-15-00192-g006__fig_006.png,verified
FIG-118,train,GSD_0089,Cascading events during the 1650 tsunamigenic eruption of Kolumbo volcano,Nature Communications,2023,https://www.nature.com/articles/s41467-023-42261-y,10.1038/s41467-023-42261-y,Fig. 7,GSD_0089__GSD_0089__NATURE_COMMUNICATIONS__N0443__s41467-023-42261-y__Fig7.png,verified
FIG-121,test,TAYLOR_REPL_01,Interactions between paleochannels and aeolian processes and their implications on aeolian dune patterns,"Geomatics, Natural Hazards and Risk",2019,https://doi.org/10.1080/19475705.2019.1568310,10.1080/19475705.2019.1568310,Figure 12,taylor_17__0004__TAYLOR_000248_0012_10.1080_19475705.2019.1568310.jpg,verified
FIG-122,test,TAYLOR_REPL_02,Stability of the Northern coast of Egypt under the effect of urbanization and climate change,Water Science,2021,https://doi.org/10.1080/11104929.2020.1864255,10.1080/11104929.2020.1864255,Figure 2,taylor_18__0017__TAYLOR_000098_0002_10.1080_11104929.2020.1864255.jpg,verified
FIG-123,test,TAYLOR_REPL_03,"Debris flow amplification in a moraine terrace and related engineering measures in the Zongzhai Valley, Southeastern Tibetan Plateau","Geomatics, Natural Hazards and Risk",2018,https://doi.org/10.1080/19475705.2018.1508507,10.1080/19475705.2018.1508507,Figure 8,taylor_19__0079__TAYLOR_000042_0008_10.1080_19475705.2018.1508507.jpg,verified
FIG-124,test,TAYLOR_REPL_V2_02,"A model of ice-marginal sediment-landform development at Lake Tekapo, Southern Alps, New Zealand","Geografiska Annaler: Series A, Physical Geography",2022,https://doi.org/10.1080/04353676.2022.2084591,10.1080/04353676.2022.2084591,Figure 14,taylor_20__0088__TAYLOR_000059_0014_10.1080_04353676.2022.2084591.jpg,verified
FIG-125,test,TAYLOR_CAND_V4_02,Progressive destabilization and triggering mechanism analysis using multiple data for Chamoli rockslide of 7 February 2021,"Geomatics, Natural Hazards and Risk",2022,https://doi.org/10.1080/19475705.2021.2013960,10.1080/19475705.2021.2013960,Figure 10,taylor_21__0151__TAYLOR_000172_0010_10.1080_19475705.2021.2013960.jpg,verified
FIG-126,test,TAYLOR_CAND_V4_03,"Geomorphic provinces and regolith-landform evolution of the Capricorn Orogen, Western Australia",Australian Journal of Earth Sciences,2021,https://doi.org/10.1080/08120099.2021.1848923,10.1080/08120099.2021.1848923,Figure 8,taylor_22__0219__TAYLOR_000038_0008_10.1080_08120099.2021.1848923.jpg,verified
FIG-127,test,TAYLOR_CAND_V6_01,Geology of the area between Golo and Tavignano Valleys (Central Corsica): a snapshot of the continental metamorphic units of Alpine Corsica.,Journal of Maps,2017,https://doi.org/10.1080/17445647.2017.1351900,10.1080/17445647.2017.1351900,Figure 8,taylor_23__0248__TAYLOR_000382_0008_10.1080_17445647.2017.1351900.jpg,verified
