sample_id,split,source_record_id
FIG-003,train,GSD_0034
FIG-012,train,GSD_0083
FIG-014,train,GSD_0041
FIG-017,train,GSD_0011
FIG-037,test,NATURE_NC_0026
FIG-041,test,GSD_0005
FIG-044,test,NATURE_NC_0012
FIG-045,train,ELSEVIER_GEOM_0001
FIG-046,test,NATURE_NC_0025
FIG-047,test,GSD_0061
FIG-048,test,NATURE_NC_0007
FIG-053,train,GSD_0088
FIG-058,train,GSD_0020
FIG-059,test,GSD_0078
FIG-060,test,GSD_0080
FIG-064,test,GSD_0071
FIG-071,test,GSD_0068
FIG-074,test,GSD_0070
FIG-078,test,NATURE_NC_0023
FIG-079,test,GSD_0010
FIG-083,train,GSD_0021
FIG-085,test,GSD_0009
FIG-089,test,GSD_0081
FIG-094,test,GSD_0079
FIG-101,test,NATURE_NC_0032
FIG-103,train,GSD_0084
FIG-109,train,NATURE_NC_0011
FIG-112,train,GSD_0033
FIG-118,train,GSD_0089
FIG-121,test,TAYLOR_REPL_01
FIG-122,test,TAYLOR_REPL_02
FIG-123,test,TAYLOR_REPL_03
FIG-124,test,TAYLOR_REPL_V2_02
FIG-125,test,TAYLOR_CAND_V4_02
FIG-126,test,TAYLOR_CAND_V4_03
FIG-127,test,TAYLOR_CAND_V6_01
