setting,sample_id,index,tp,fp,fn,predicted_count,gold_count
full,FIG-041,0,2,1,0,3,2
full,FIG-079,1,4,4,2,8,6
full,FIG-047,2,0,2,6,2,6
full,FIG-074,3,3,1,0,4,3
full,FIG-064,4,5,0,1,5,6
full,FIG-059,5,2,2,1,4,3
full,FIG-094,6,3,1,0,4,3
full,FIG-060,7,2,2,2,4,4
full,FIG-085,8,0,1,2,1,2
full,FIG-071,9,4,2,3,6,7
full,FIG-089,10,4,0,1,4,5
full,FIG-048,11,3,1,1,4,4
full,FIG-044,12,1,1,2,2,3
full,FIG-078,13,0,4,4,4,4
full,FIG-046,14,2,4,1,6,3
full,FIG-037,15,2,0,0,2,2
full,FIG-101,16,1,6,1,7,2
full,FIG-121,17,2,1,0,3,2
full,FIG-122,18,2,1,0,3,2
full,FIG-123,19,0,2,1,2,1
full,FIG-124,20,4,1,1,5,5
full,FIG-125,21,4,0,0,4,4
full,FIG-126,22,1,3,2,4,3
full,FIG-127,23,2,2,1,4,3
